<?xml version="1.0" encoding="UTF-8"?><MD_Metadata xmlns:gts="http://www.isotc211.org/2005/gts" xmlns:gco="http://www.isotc211.org/2005/gco" xmlns:xalan="http://xml.apache.org/xalan" xmlns:srv="http://www.isotc211.org/2005/srv" xmlns:gmx="http://www.isotc211.org/2005/gmx" xmlns:xlink="http://www.w3.org/1999/xlink" xmlns:xsi="http://www.w3.org/2001/XMLSchema-instance" xmlns:gml="http://www.opengis.net/gml" xmlns="http://www.isotc211.org/2005/gmd">
    <language>
        <gco:CharacterString>deu</gco:CharacterString>
    </language>
    <characterSet>
        <MD_CharacterSetCode codeList="http://www.isotc211.org/2005/resources/Codelist/gmxCodelists.xml#MD_CharacterSetCode" codeListValue="utf8" codeSpace="ISOTC211/19115">utf8</MD_CharacterSetCode>
    </characterSet>
    <hierarchyLevel>
        <MD_ScopeCode codeList="http://www.isotc211.org/2005/resources/Codelist/gmxCodelists.xml#MD_ScopeCode" codeListValue="dataset" codeSpace="ISOTC211/19115">dataset</MD_ScopeCode>
    </hierarchyLevel>
    <hierarchyLevelName>
        <gco:CharacterString>dataset</gco:CharacterString>
    </hierarchyLevelName>
    <contact gco:nilReason="missing"/>
    <dateStamp>
        <gco:Date>2019-03-13</gco:Date>
    </dateStamp>
    <metadataStandardName>
        <gco:CharacterString>ISO 19139 Geographic Information - Metadata - Implementation Specification</gco:CharacterString>
    </metadataStandardName>
    <metadataStandardVersion>
        <gco:CharacterString>2007</gco:CharacterString>
    </metadataStandardVersion>
    <spatialRepresentationInfo>
        <MD_VectorSpatialRepresentation>
            <topologyLevel>
                <MD_TopologyLevelCode codeList="http://www.isotc211.org/2005/resources/Codelist/gmxCodelists.xml#MD_TopologyLevelCode" codeListValue="geometryOnly" codeSpace="ISOTC211/19115">geometryOnly</MD_TopologyLevelCode>
            </topologyLevel>
            <geometricObjects>
                <MD_GeometricObjects>
                    <geometricObjectType>
                        <MD_GeometricObjectTypeCode codeList="http://www.isotc211.org/2005/resources/Codelist/gmxCodelists.xml#MD_GeometricObjectTypeCode" codeListValue="composite" codeSpace="ISOTC211/19115">composite</MD_GeometricObjectTypeCode>
                    </geometricObjectType>
                </MD_GeometricObjects>
            </geometricObjects>
        </MD_VectorSpatialRepresentation>
    </spatialRepresentationInfo>
    <referenceSystemInfo>
        <MD_ReferenceSystem>
            <referenceSystemIdentifier>
                <RS_Identifier>
                    <code>
                        <gco:CharacterString>3857</gco:CharacterString>
                    </code>
                    <codeSpace>
                        <gco:CharacterString>EPSG</gco:CharacterString>
                    </codeSpace>
                    <version>
                        <gco:CharacterString>8.8(9.3.1.2)</gco:CharacterString>
                    </version>
                </RS_Identifier>
            </referenceSystemIdentifier>
        </MD_ReferenceSystem>
    </referenceSystemInfo>
    <identificationInfo>
        <MD_DataIdentification>
            <citation>
                <CI_Citation>
                    <title>
                        <gco:CharacterString>Gemarkungen</gco:CharacterString>
                    </title>
                    <date gco:nilReason="missing"/>
                    <presentationForm>
                        <CI_PresentationFormCode codeList="http://www.isotc211.org/2005/resources/Codelist/gmxCodelists.xml#CI_PresentationFormCode" codeListValue="mapDigital" codeSpace="ISOTC211/19115">mapDigital</CI_PresentationFormCode>
                    </presentationForm>
                </CI_Citation>
            </citation>
            <abstract>
                <gco:CharacterString>Die Gemarkungsgrenzen des Liegenschaftskatasters haben folgende Attribute:• GmKNr – Gemarkungsschlüssel• Gemarkung – langschriftlicher Gemarkungsname• KNr – Nummer des Landkreises• Kreis – langschriftlicher Kreisname• GmdNr – Gemeindeschlüssel• Gemeinde – langschriftlicher Gemeindename• Stand – Aktualitätsstand Quelle: Kostenfreie Geobasisdaten des LVermGeo LSA - 8. Gemarkungs- und FlurübersichtVerarbeitungsprozess: Gezippte SHP Dateien in ETRS89_UTM32 wurden in ArcGIS Pro zusammengeführt, nach WebMercator projiziert und als Feature Service in ArcGIS Online veröffentlicht.</gco:CharacterString>
            </abstract>
            <purpose>
                <gco:CharacterString>Gemarkungsgrenzen Sachsen-Anhalt. Stand: 10.2018</gco:CharacterString>
            </purpose>
            <credit>
                <gco:CharacterString>© GeoBasis-DE / LVermGeo LSA</gco:CharacterString>
            </credit>
            <descriptiveKeywords>
                <MD_Keywords>
                    <keyword>
                        <gco:CharacterString>Grenzen</gco:CharacterString>
                    </keyword>
                    <keyword>
                        <gco:CharacterString>boundaries</gco:CharacterString>
                    </keyword>
                    <keyword>
                        <gco:CharacterString>Gemarkungen</gco:CharacterString>
                    </keyword>
                    <keyword>
                        <gco:CharacterString>Sachsen-Anhalt</gco:CharacterString>
                    </keyword>
                    <keyword>
                        <gco:CharacterString>DE</gco:CharacterString>
                    </keyword>
                    <keyword>
                        <gco:CharacterString>Deutschland</gco:CharacterString>
                    </keyword>
                    <keyword>
                        <gco:CharacterString>Germany</gco:CharacterString>
                    </keyword>
                </MD_Keywords>
            </descriptiveKeywords>
            <descriptiveKeywords>
                <MD_Keywords>
                    <keyword>
                        <gco:CharacterString>Grenzen</gco:CharacterString>
                    </keyword>
                    <keyword>
                        <gco:CharacterString>boundaries</gco:CharacterString>
                    </keyword>
                    <keyword>
                        <gco:CharacterString>Gemarkungen</gco:CharacterString>
                    </keyword>
                    <keyword>
                        <gco:CharacterString>Sachsen-Anhalt</gco:CharacterString>
                    </keyword>
                    <keyword>
                        <gco:CharacterString>DE</gco:CharacterString>
                    </keyword>
                    <keyword>
                        <gco:CharacterString>Deutschland</gco:CharacterString>
                    </keyword>
                    <keyword>
                        <gco:CharacterString>Germany</gco:CharacterString>
                    </keyword>
                </MD_Keywords>
            </descriptiveKeywords>
            <descriptiveKeywords>
                <MD_Keywords>
                    <keyword>
                        <gco:CharacterString>Grenzen</gco:CharacterString>
                    </keyword>
                    <keyword>
                        <gco:CharacterString>boundaries</gco:CharacterString>
                    </keyword>
                    <keyword>
                        <gco:CharacterString>Gemarkungen</gco:CharacterString>
                    </keyword>
                    <keyword>
                        <gco:CharacterString>Sachsen-Anhalt</gco:CharacterString>
                    </keyword>
                    <keyword>
                        <gco:CharacterString>DE</gco:CharacterString>
                    </keyword>
                    <keyword>
                        <gco:CharacterString>Deutschland</gco:CharacterString>
                    </keyword>
                    <keyword>
                        <gco:CharacterString>Germany</gco:CharacterString>
                    </keyword>
                </MD_Keywords>
            </descriptiveKeywords>
            <descriptiveKeywords>
                <MD_Keywords>
                    <keyword>
                        <gco:CharacterString>Grenzen</gco:CharacterString>
                    </keyword>
                    <keyword>
                        <gco:CharacterString>boundaries</gco:CharacterString>
                    </keyword>
                    <keyword>
                        <gco:CharacterString>Gemarkungen</gco:CharacterString>
                    </keyword>
                    <keyword>
                        <gco:CharacterString>Sachsen-Anhalt</gco:CharacterString>
                    </keyword>
                    <keyword>
                        <gco:CharacterString>DE</gco:CharacterString>
                    </keyword>
                    <keyword>
                        <gco:CharacterString>Deutschland</gco:CharacterString>
                    </keyword>
                    <keyword>
                        <gco:CharacterString>Germany</gco:CharacterString>
                    </keyword>
                </MD_Keywords>
            </descriptiveKeywords>
            <descriptiveKeywords>
                <MD_Keywords>
                    <keyword>
                        <gco:CharacterString>Grenzen</gco:CharacterString>
                    </keyword>
                    <keyword>
                        <gco:CharacterString>boundaries</gco:CharacterString>
                    </keyword>
                    <keyword>
                        <gco:CharacterString>Gemarkungen</gco:CharacterString>
                    </keyword>
                    <keyword>
                        <gco:CharacterString>Sachsen-Anhalt</gco:CharacterString>
                    </keyword>
                    <keyword>
                        <gco:CharacterString>DE</gco:CharacterString>
                    </keyword>
                    <keyword>
                        <gco:CharacterString>Deutschland</gco:CharacterString>
                    </keyword>
                    <keyword>
                        <gco:CharacterString>Germany</gco:CharacterString>
                    </keyword>
                </MD_Keywords>
            </descriptiveKeywords>
            <descriptiveKeywords>
                <MD_Keywords>
                    <keyword>
                        <gco:CharacterString>Grenzen</gco:CharacterString>
                    </keyword>
                    <keyword>
                        <gco:CharacterString>boundaries</gco:CharacterString>
                    </keyword>
                    <keyword>
                        <gco:CharacterString>Gemarkungen</gco:CharacterString>
                    </keyword>
                    <keyword>
                        <gco:CharacterString>Sachsen-Anhalt</gco:CharacterString>
                    </keyword>
                    <keyword>
                        <gco:CharacterString>DE</gco:CharacterString>
                    </keyword>
                    <keyword>
                        <gco:CharacterString>Deutschland</gco:CharacterString>
                    </keyword>
                    <keyword>
                        <gco:CharacterString>Germany</gco:CharacterString>
                    </keyword>
                </MD_Keywords>
            </descriptiveKeywords>
            <descriptiveKeywords>
                <MD_Keywords>
                    <keyword>
                        <gco:CharacterString>Grenzen</gco:CharacterString>
                    </keyword>
                    <keyword>
                        <gco:CharacterString>boundaries</gco:CharacterString>
                    </keyword>
                    <keyword>
                        <gco:CharacterString>Gemarkungen</gco:CharacterString>
                    </keyword>
                    <keyword>
                        <gco:CharacterString>Sachsen-Anhalt</gco:CharacterString>
                    </keyword>
                    <keyword>
                        <gco:CharacterString>DE</gco:CharacterString>
                    </keyword>
                    <keyword>
                        <gco:CharacterString>Deutschland</gco:CharacterString>
                    </keyword>
                    <keyword>
                        <gco:CharacterString>Germany</gco:CharacterString>
                    </keyword>
                </MD_Keywords>
            </descriptiveKeywords>
            <resourceConstraints>
                <MD_Constraints>
                    <useLimitation>
                        <gco:CharacterString>© GeoBasis-DE / LVermGeo LSA, [2018]Es gelten die Nutzungsbedingungen des LVermGeo LSA.</gco:CharacterString>
                    </useLimitation>
                </MD_Constraints>
            </resourceConstraints>
            <spatialRepresentationType>
                <MD_SpatialRepresentationTypeCode codeList="http://www.isotc211.org/2005/resources/Codelist/gmxCodelists.xml#MD_SpatialRepresentationTypeCode" codeListValue="vector" codeSpace="ISOTC211/19115">vector</MD_SpatialRepresentationTypeCode>
            </spatialRepresentationType>
            <language>
                <gco:CharacterString>deu</gco:CharacterString>
            </language>
            <characterSet>
                <MD_CharacterSetCode codeList="http://www.isotc211.org/2005/resources/Codelist/gmxCodelists.xml#MD_CharacterSetCode" codeListValue="utf8" codeSpace="ISOTC211/19115">utf8</MD_CharacterSetCode>
            </characterSet>
            <environmentDescription>
                <gco:CharacterString>Esri ArcGIS 12.2.1.12813</gco:CharacterString>
            </environmentDescription>
        </MD_DataIdentification>
    </identificationInfo>
    <distributionInfo>
        <MD_Distribution>
            <distributionFormat>
                <MD_Format>
                    <name>
                        <gco:CharacterString>Feature-Class in File-Geodatabase</gco:CharacterString>
                    </name>
                    <version gco:nilReason="missing"/>
                </MD_Format>
            </distributionFormat>
        </MD_Distribution>
    </distributionInfo>
</MD_Metadata>
