<?xml version="1.0" encoding="UTF-8"?><MD_Metadata xmlns:gts="http://www.isotc211.org/2005/gts" xmlns:gco="http://www.isotc211.org/2005/gco" xmlns:xalan="http://xml.apache.org/xalan" xmlns:srv="http://www.isotc211.org/2005/srv" xmlns:gmx="http://www.isotc211.org/2005/gmx" xmlns:xlink="http://www.w3.org/1999/xlink" xmlns:xsi="http://www.w3.org/2001/XMLSchema-instance" xmlns:gml="http://www.opengis.net/gml" xmlns="http://www.isotc211.org/2005/gmd">
    <characterSet>
        <MD_CharacterSetCode codeList="http://www.isotc211.org/2005/resources/Codelist/gmxCodelists.xml#MD_CharacterSetCode" codeListValue="utf8" codeSpace="ISOTC211/19115">utf8</MD_CharacterSetCode>
    </characterSet>
    <hierarchyLevel>
        <MD_ScopeCode codeList="http://www.isotc211.org/2005/resources/Codelist/gmxCodelists.xml#MD_ScopeCode" codeListValue="dataset" codeSpace="ISOTC211/19115">dataset</MD_ScopeCode>
    </hierarchyLevel>
    <hierarchyLevelName>
        <gco:CharacterString>dataset</gco:CharacterString>
    </hierarchyLevelName>
    <contact gco:nilReason="missing"/>
    <dateStamp gco:nilReason="missing"/>
    <metadataStandardName>
        <gco:CharacterString>ISO 19139 Geographic Information - Metadata - Implementation Specification</gco:CharacterString>
    </metadataStandardName>
    <metadataStandardVersion>
        <gco:CharacterString>2007</gco:CharacterString>
    </metadataStandardVersion>
    <identificationInfo>
        <MD_DataIdentification>
            <citation gco:nilReason="missing"/>
            <abstract>
                <gco:CharacterString>Die 5-stelligen Postleitzahlengebiete stammen aus OpenStreetMap und sind mit der EWZ-Attribute (Zensus 2011) und AGS-, Kreis-, sowie Gemeinde- bzw. Stadtzugehörigkeit angereichert, um die Nutzungs- und Analysemöglichkeiten zu optimieren.Quelle: OpenStreetMapVerarbeitungsprozesse: Gezippte SHP-Datei wurde in ArcGIS Pro nach WebMercator projiziert und als Feature Service in ArcGIS Online veröffentlicht.</gco:CharacterString>
            </abstract>
            <purpose>
                <gco:CharacterString>Postleitzahlengebiete Deutschlands auf Basis OSM Daten mit Einwohnerzahl. Stand: 07.11.2020</gco:CharacterString>
            </purpose>
            <credit>
                <gco:CharacterString>OpenStreetMap contributors, Statistische Ämter des Bundes und der Länder</gco:CharacterString>
            </credit>
            <descriptiveKeywords>
                <MD_Keywords>
                    <keyword>
                        <gco:CharacterString>OSM</gco:CharacterString>
                    </keyword>
                    <keyword>
                        <gco:CharacterString>PLZ</gco:CharacterString>
                    </keyword>
                    <keyword>
                        <gco:CharacterString>Postleitzahl</gco:CharacterString>
                    </keyword>
                    <keyword>
                        <gco:CharacterString>Postleitzahlengebiete</gco:CharacterString>
                    </keyword>
                    <keyword>
                        <gco:CharacterString>Germany</gco:CharacterString>
                    </keyword>
                    <keyword>
                        <gco:CharacterString>Deutschland</gco:CharacterString>
                    </keyword>
                    <keyword>
                        <gco:CharacterString>DE</gco:CharacterString>
                    </keyword>
                    <keyword>
                        <gco:CharacterString>openstreetmap</gco:CharacterString>
                    </keyword>
                    <keyword>
                        <gco:CharacterString>Statistik</gco:CharacterString>
                    </keyword>
                    <keyword>
                        <gco:CharacterString>Einwohnerzahl</gco:CharacterString>
                    </keyword>
                    <keyword>
                        <gco:CharacterString>boundaries</gco:CharacterString>
                    </keyword>
                    <keyword>
                        <gco:CharacterString>Grenzen</gco:CharacterString>
                    </keyword>
                    <keyword>
                        <gco:CharacterString>bundesweit</gco:CharacterString>
                    </keyword>
                </MD_Keywords>
            </descriptiveKeywords>
            <descriptiveKeywords>
                <MD_Keywords>
                    <keyword>
                        <gco:CharacterString>OSM</gco:CharacterString>
                    </keyword>
                    <keyword>
                        <gco:CharacterString>PLZ</gco:CharacterString>
                    </keyword>
                    <keyword>
                        <gco:CharacterString>Postleitzahl</gco:CharacterString>
                    </keyword>
                    <keyword>
                        <gco:CharacterString>Postleitzahlengebiete</gco:CharacterString>
                    </keyword>
                    <keyword>
                        <gco:CharacterString>Germany</gco:CharacterString>
                    </keyword>
                    <keyword>
                        <gco:CharacterString>Deutschland</gco:CharacterString>
                    </keyword>
                    <keyword>
                        <gco:CharacterString>DE</gco:CharacterString>
                    </keyword>
                    <keyword>
                        <gco:CharacterString>openstreetmap</gco:CharacterString>
                    </keyword>
                    <keyword>
                        <gco:CharacterString>Statistik</gco:CharacterString>
                    </keyword>
                    <keyword>
                        <gco:CharacterString>Einwohnerzahl</gco:CharacterString>
                    </keyword>
                    <keyword>
                        <gco:CharacterString>boundaries</gco:CharacterString>
                    </keyword>
                    <keyword>
                        <gco:CharacterString>Grenzen</gco:CharacterString>
                    </keyword>
                    <keyword>
                        <gco:CharacterString>bundesweit</gco:CharacterString>
                    </keyword>
                </MD_Keywords>
            </descriptiveKeywords>
            <descriptiveKeywords>
                <MD_Keywords>
                    <keyword>
                        <gco:CharacterString>OSM</gco:CharacterString>
                    </keyword>
                    <keyword>
                        <gco:CharacterString>PLZ</gco:CharacterString>
                    </keyword>
                    <keyword>
                        <gco:CharacterString>Postleitzahl</gco:CharacterString>
                    </keyword>
                    <keyword>
                        <gco:CharacterString>Postleitzahlengebiete</gco:CharacterString>
                    </keyword>
                    <keyword>
                        <gco:CharacterString>Germany</gco:CharacterString>
                    </keyword>
                    <keyword>
                        <gco:CharacterString>Deutschland</gco:CharacterString>
                    </keyword>
                    <keyword>
                        <gco:CharacterString>DE</gco:CharacterString>
                    </keyword>
                    <keyword>
                        <gco:CharacterString>openstreetmap</gco:CharacterString>
                    </keyword>
                    <keyword>
                        <gco:CharacterString>Statistik</gco:CharacterString>
                    </keyword>
                    <keyword>
                        <gco:CharacterString>Einwohnerzahl</gco:CharacterString>
                    </keyword>
                    <keyword>
                        <gco:CharacterString>boundaries</gco:CharacterString>
                    </keyword>
                    <keyword>
                        <gco:CharacterString>Grenzen</gco:CharacterString>
                    </keyword>
                    <keyword>
                        <gco:CharacterString>bundesweit</gco:CharacterString>
                    </keyword>
                </MD_Keywords>
            </descriptiveKeywords>
            <descriptiveKeywords>
                <MD_Keywords>
                    <keyword>
                        <gco:CharacterString>OSM</gco:CharacterString>
                    </keyword>
                    <keyword>
                        <gco:CharacterString>PLZ</gco:CharacterString>
                    </keyword>
                    <keyword>
                        <gco:CharacterString>Postleitzahl</gco:CharacterString>
                    </keyword>
                    <keyword>
                        <gco:CharacterString>Postleitzahlengebiete</gco:CharacterString>
                    </keyword>
                    <keyword>
                        <gco:CharacterString>Germany</gco:CharacterString>
                    </keyword>
                    <keyword>
                        <gco:CharacterString>Deutschland</gco:CharacterString>
                    </keyword>
                    <keyword>
                        <gco:CharacterString>DE</gco:CharacterString>
                    </keyword>
                    <keyword>
                        <gco:CharacterString>openstreetmap</gco:CharacterString>
                    </keyword>
                    <keyword>
                        <gco:CharacterString>Statistik</gco:CharacterString>
                    </keyword>
                    <keyword>
                        <gco:CharacterString>Einwohnerzahl</gco:CharacterString>
                    </keyword>
                    <keyword>
                        <gco:CharacterString>boundaries</gco:CharacterString>
                    </keyword>
                    <keyword>
                        <gco:CharacterString>Grenzen</gco:CharacterString>
                    </keyword>
                    <keyword>
                        <gco:CharacterString>bundesweit</gco:CharacterString>
                    </keyword>
                </MD_Keywords>
            </descriptiveKeywords>
            <descriptiveKeywords>
                <MD_Keywords>
                    <keyword>
                        <gco:CharacterString>OSM</gco:CharacterString>
                    </keyword>
                    <keyword>
                        <gco:CharacterString>PLZ</gco:CharacterString>
                    </keyword>
                    <keyword>
                        <gco:CharacterString>Postleitzahl</gco:CharacterString>
                    </keyword>
                    <keyword>
                        <gco:CharacterString>Postleitzahlengebiete</gco:CharacterString>
                    </keyword>
                    <keyword>
                        <gco:CharacterString>Germany</gco:CharacterString>
                    </keyword>
                    <keyword>
                        <gco:CharacterString>Deutschland</gco:CharacterString>
                    </keyword>
                    <keyword>
                        <gco:CharacterString>DE</gco:CharacterString>
                    </keyword>
                    <keyword>
                        <gco:CharacterString>openstreetmap</gco:CharacterString>
                    </keyword>
                    <keyword>
                        <gco:CharacterString>Statistik</gco:CharacterString>
                    </keyword>
                    <keyword>
                        <gco:CharacterString>Einwohnerzahl</gco:CharacterString>
                    </keyword>
                    <keyword>
                        <gco:CharacterString>boundaries</gco:CharacterString>
                    </keyword>
                    <keyword>
                        <gco:CharacterString>Grenzen</gco:CharacterString>
                    </keyword>
                    <keyword>
                        <gco:CharacterString>bundesweit</gco:CharacterString>
                    </keyword>
                </MD_Keywords>
            </descriptiveKeywords>
            <descriptiveKeywords>
                <MD_Keywords>
                    <keyword>
                        <gco:CharacterString>OSM</gco:CharacterString>
                    </keyword>
                    <keyword>
                        <gco:CharacterString>PLZ</gco:CharacterString>
                    </keyword>
                    <keyword>
                        <gco:CharacterString>Postleitzahl</gco:CharacterString>
                    </keyword>
                    <keyword>
                        <gco:CharacterString>Postleitzahlengebiete</gco:CharacterString>
                    </keyword>
                    <keyword>
                        <gco:CharacterString>Germany</gco:CharacterString>
                    </keyword>
                    <keyword>
                        <gco:CharacterString>Deutschland</gco:CharacterString>
                    </keyword>
                    <keyword>
                        <gco:CharacterString>DE</gco:CharacterString>
                    </keyword>
                    <keyword>
                        <gco:CharacterString>openstreetmap</gco:CharacterString>
                    </keyword>
                    <keyword>
                        <gco:CharacterString>Statistik</gco:CharacterString>
                    </keyword>
                    <keyword>
                        <gco:CharacterString>Einwohnerzahl</gco:CharacterString>
                    </keyword>
                    <keyword>
                        <gco:CharacterString>boundaries</gco:CharacterString>
                    </keyword>
                    <keyword>
                        <gco:CharacterString>Grenzen</gco:CharacterString>
                    </keyword>
                    <keyword>
                        <gco:CharacterString>bundesweit</gco:CharacterString>
                    </keyword>
                </MD_Keywords>
            </descriptiveKeywords>
            <descriptiveKeywords>
                <MD_Keywords>
                    <keyword>
                        <gco:CharacterString>OSM</gco:CharacterString>
                    </keyword>
                    <keyword>
                        <gco:CharacterString>PLZ</gco:CharacterString>
                    </keyword>
                    <keyword>
                        <gco:CharacterString>Postleitzahl</gco:CharacterString>
                    </keyword>
                    <keyword>
                        <gco:CharacterString>Postleitzahlengebiete</gco:CharacterString>
                    </keyword>
                    <keyword>
                        <gco:CharacterString>Germany</gco:CharacterString>
                    </keyword>
                    <keyword>
                        <gco:CharacterString>Deutschland</gco:CharacterString>
                    </keyword>
                    <keyword>
                        <gco:CharacterString>DE</gco:CharacterString>
                    </keyword>
                    <keyword>
                        <gco:CharacterString>openstreetmap</gco:CharacterString>
                    </keyword>
                    <keyword>
                        <gco:CharacterString>Statistik</gco:CharacterString>
                    </keyword>
                    <keyword>
                        <gco:CharacterString>Einwohnerzahl</gco:CharacterString>
                    </keyword>
                    <keyword>
                        <gco:CharacterString>boundaries</gco:CharacterString>
                    </keyword>
                    <keyword>
                        <gco:CharacterString>Grenzen</gco:CharacterString>
                    </keyword>
                    <keyword>
                        <gco:CharacterString>bundesweit</gco:CharacterString>
                    </keyword>
                </MD_Keywords>
            </descriptiveKeywords>
            <descriptiveKeywords>
                <MD_Keywords>
                    <keyword>
                        <gco:CharacterString>OSM</gco:CharacterString>
                    </keyword>
                    <keyword>
                        <gco:CharacterString>PLZ</gco:CharacterString>
                    </keyword>
                    <keyword>
                        <gco:CharacterString>Postleitzahl</gco:CharacterString>
                    </keyword>
                    <keyword>
                        <gco:CharacterString>Postleitzahlengebiete</gco:CharacterString>
                    </keyword>
                    <keyword>
                        <gco:CharacterString>Germany</gco:CharacterString>
                    </keyword>
                    <keyword>
                        <gco:CharacterString>Deutschland</gco:CharacterString>
                    </keyword>
                    <keyword>
                        <gco:CharacterString>DE</gco:CharacterString>
                    </keyword>
                    <keyword>
                        <gco:CharacterString>openstreetmap</gco:CharacterString>
                    </keyword>
                    <keyword>
                        <gco:CharacterString>Statistik</gco:CharacterString>
                    </keyword>
                    <keyword>
                        <gco:CharacterString>Einwohnerzahl</gco:CharacterString>
                    </keyword>
                    <keyword>
                        <gco:CharacterString>boundaries</gco:CharacterString>
                    </keyword>
                    <keyword>
                        <gco:CharacterString>Grenzen</gco:CharacterString>
                    </keyword>
                    <keyword>
                        <gco:CharacterString>bundesweit</gco:CharacterString>
                    </keyword>
                </MD_Keywords>
            </descriptiveKeywords>
            <descriptiveKeywords>
                <MD_Keywords>
                    <keyword>
                        <gco:CharacterString>OSM</gco:CharacterString>
                    </keyword>
                    <keyword>
                        <gco:CharacterString>PLZ</gco:CharacterString>
                    </keyword>
                    <keyword>
                        <gco:CharacterString>Postleitzahl</gco:CharacterString>
                    </keyword>
                    <keyword>
                        <gco:CharacterString>Postleitzahlengebiete</gco:CharacterString>
                    </keyword>
                    <keyword>
                        <gco:CharacterString>Germany</gco:CharacterString>
                    </keyword>
                    <keyword>
                        <gco:CharacterString>Deutschland</gco:CharacterString>
                    </keyword>
                    <keyword>
                        <gco:CharacterString>DE</gco:CharacterString>
                    </keyword>
                    <keyword>
                        <gco:CharacterString>openstreetmap</gco:CharacterString>
                    </keyword>
                    <keyword>
                        <gco:CharacterString>Statistik</gco:CharacterString>
                    </keyword>
                    <keyword>
                        <gco:CharacterString>Einwohnerzahl</gco:CharacterString>
                    </keyword>
                    <keyword>
                        <gco:CharacterString>boundaries</gco:CharacterString>
                    </keyword>
                    <keyword>
                        <gco:CharacterString>Grenzen</gco:CharacterString>
                    </keyword>
                    <keyword>
                        <gco:CharacterString>bundesweit</gco:CharacterString>
                    </keyword>
                </MD_Keywords>
            </descriptiveKeywords>
            <descriptiveKeywords>
                <MD_Keywords>
                    <keyword>
                        <gco:CharacterString>OSM</gco:CharacterString>
                    </keyword>
                    <keyword>
                        <gco:CharacterString>PLZ</gco:CharacterString>
                    </keyword>
                    <keyword>
                        <gco:CharacterString>Postleitzahl</gco:CharacterString>
                    </keyword>
                    <keyword>
                        <gco:CharacterString>Postleitzahlengebiete</gco:CharacterString>
                    </keyword>
                    <keyword>
                        <gco:CharacterString>Germany</gco:CharacterString>
                    </keyword>
                    <keyword>
                        <gco:CharacterString>Deutschland</gco:CharacterString>
                    </keyword>
                    <keyword>
                        <gco:CharacterString>DE</gco:CharacterString>
                    </keyword>
                    <keyword>
                        <gco:CharacterString>openstreetmap</gco:CharacterString>
                    </keyword>
                    <keyword>
                        <gco:CharacterString>Statistik</gco:CharacterString>
                    </keyword>
                    <keyword>
                        <gco:CharacterString>Einwohnerzahl</gco:CharacterString>
                    </keyword>
                    <keyword>
                        <gco:CharacterString>boundaries</gco:CharacterString>
                    </keyword>
                    <keyword>
                        <gco:CharacterString>Grenzen</gco:CharacterString>
                    </keyword>
                    <keyword>
                        <gco:CharacterString>bundesweit</gco:CharacterString>
                    </keyword>
                </MD_Keywords>
            </descriptiveKeywords>
            <descriptiveKeywords>
                <MD_Keywords>
                    <keyword>
                        <gco:CharacterString>OSM</gco:CharacterString>
                    </keyword>
                    <keyword>
                        <gco:CharacterString>PLZ</gco:CharacterString>
                    </keyword>
                    <keyword>
                        <gco:CharacterString>Postleitzahl</gco:CharacterString>
                    </keyword>
                    <keyword>
                        <gco:CharacterString>Postleitzahlengebiete</gco:CharacterString>
                    </keyword>
                    <keyword>
                        <gco:CharacterString>Germany</gco:CharacterString>
                    </keyword>
                    <keyword>
                        <gco:CharacterString>Deutschland</gco:CharacterString>
                    </keyword>
                    <keyword>
                        <gco:CharacterString>DE</gco:CharacterString>
                    </keyword>
                    <keyword>
                        <gco:CharacterString>openstreetmap</gco:CharacterString>
                    </keyword>
                    <keyword>
                        <gco:CharacterString>Statistik</gco:CharacterString>
                    </keyword>
                    <keyword>
                        <gco:CharacterString>Einwohnerzahl</gco:CharacterString>
                    </keyword>
                    <keyword>
                        <gco:CharacterString>boundaries</gco:CharacterString>
                    </keyword>
                    <keyword>
                        <gco:CharacterString>Grenzen</gco:CharacterString>
                    </keyword>
                    <keyword>
                        <gco:CharacterString>bundesweit</gco:CharacterString>
                    </keyword>
                </MD_Keywords>
            </descriptiveKeywords>
            <descriptiveKeywords>
                <MD_Keywords>
                    <keyword>
                        <gco:CharacterString>OSM</gco:CharacterString>
                    </keyword>
                    <keyword>
                        <gco:CharacterString>PLZ</gco:CharacterString>
                    </keyword>
                    <keyword>
                        <gco:CharacterString>Postleitzahl</gco:CharacterString>
                    </keyword>
                    <keyword>
                        <gco:CharacterString>Postleitzahlengebiete</gco:CharacterString>
                    </keyword>
                    <keyword>
                        <gco:CharacterString>Germany</gco:CharacterString>
                    </keyword>
                    <keyword>
                        <gco:CharacterString>Deutschland</gco:CharacterString>
                    </keyword>
                    <keyword>
                        <gco:CharacterString>DE</gco:CharacterString>
                    </keyword>
                    <keyword>
                        <gco:CharacterString>openstreetmap</gco:CharacterString>
                    </keyword>
                    <keyword>
                        <gco:CharacterString>Statistik</gco:CharacterString>
                    </keyword>
                    <keyword>
                        <gco:CharacterString>Einwohnerzahl</gco:CharacterString>
                    </keyword>
                    <keyword>
                        <gco:CharacterString>boundaries</gco:CharacterString>
                    </keyword>
                    <keyword>
                        <gco:CharacterString>Grenzen</gco:CharacterString>
                    </keyword>
                    <keyword>
                        <gco:CharacterString>bundesweit</gco:CharacterString>
                    </keyword>
                </MD_Keywords>
            </descriptiveKeywords>
            <descriptiveKeywords>
                <MD_Keywords>
                    <keyword>
                        <gco:CharacterString>OSM</gco:CharacterString>
                    </keyword>
                    <keyword>
                        <gco:CharacterString>PLZ</gco:CharacterString>
                    </keyword>
                    <keyword>
                        <gco:CharacterString>Postleitzahl</gco:CharacterString>
                    </keyword>
                    <keyword>
                        <gco:CharacterString>Postleitzahlengebiete</gco:CharacterString>
                    </keyword>
                    <keyword>
                        <gco:CharacterString>Germany</gco:CharacterString>
                    </keyword>
                    <keyword>
                        <gco:CharacterString>Deutschland</gco:CharacterString>
                    </keyword>
                    <keyword>
                        <gco:CharacterString>DE</gco:CharacterString>
                    </keyword>
                    <keyword>
                        <gco:CharacterString>openstreetmap</gco:CharacterString>
                    </keyword>
                    <keyword>
                        <gco:CharacterString>Statistik</gco:CharacterString>
                    </keyword>
                    <keyword>
                        <gco:CharacterString>Einwohnerzahl</gco:CharacterString>
                    </keyword>
                    <keyword>
                        <gco:CharacterString>boundaries</gco:CharacterString>
                    </keyword>
                    <keyword>
                        <gco:CharacterString>Grenzen</gco:CharacterString>
                    </keyword>
                    <keyword>
                        <gco:CharacterString>bundesweit</gco:CharacterString>
                    </keyword>
                </MD_Keywords>
            </descriptiveKeywords>
            <resourceConstraints>
                <MD_Constraints>
                    <useLimitation>
                        <gco:CharacterString>Die Daten stehen unter der Open Database Licence frei zur Verfügung. Quelle der Rohdaten: © OpenStreetMap contributorsEinwohnerzahlen als Berechnungsgrundlage © Statistische Ämter des Bundes und der Länder</gco:CharacterString>
                    </useLimitation>
                </MD_Constraints>
            </resourceConstraints>
            <language gco:nilReason="missing"/>
            <characterSet>
                <MD_CharacterSetCode codeList="http://www.isotc211.org/2005/resources/Codelist/gmxCodelists.xml#MD_CharacterSetCode" codeListValue="utf8" codeSpace="ISOTC211/19115">utf8</MD_CharacterSetCode>
            </characterSet>
        </MD_DataIdentification>
    </identificationInfo>
</MD_Metadata>
